filename,class
train/1.jpg,fake
train/2.jpg,fake
train/3.jpg,fake
train/4.jpg,real
train/5.jpg,fake
train/6.jpg,fake
train/7.jpg,fake
train/8.jpg,fake
train/9.jpg,real
train/10.jpg,real
train/11.jpg,real
train/12.jpg,fake
train/13.jpg,fake
train/14.jpg,real
train/15.jpg,real
train/16.jpg,real
train/17.jpg,fake
train/18.jpg,fake
train/19.jpg,real
train/20.jpg,fake
train/21.jpg,fake
train/22.jpg,real
train/23.jpg,fake
train/24.jpg,real
train/25.jpg,real
train/26.jpg,fake
train/27.jpg,fake
train/28.jpg,fake
train/29.jpg,fake
train/30.jpg,real
train/31.jpg,fake
train/32.jpg,fake
train/33.jpg,real
train/34.jpg,fake
train/35.jpg,real
train/36.jpg,fake
train/37.jpg,fake
train/38.jpg,fake
train/39.jpg,fake
train/40.jpg,real
train/41.jpg,fake
train/42.jpg,fake
train/43.jpg,real
train/44.jpg,real
train/45.jpg,real
train/46.jpg,real
train/47.jpg,real
train/48.jpg,real
train/49.jpg,fake
train/50.jpg,real
train/51.jpg,fake
train/52.jpg,fake
train/53.jpg,real
train/54.jpg,fake
train/55.jpg,fake
train/56.jpg,fake
train/57.jpg,real
train/58.jpg,fake
train/59.jpg,fake
train/60.jpg,fake
train/61.jpg,fake
train/62.jpg,fake
train/63.jpg,real
train/64.jpg,fake
train/65.jpg,real
train/66.jpg,real
train/67.jpg,fake
train/68.jpg,fake
train/69.jpg,real
train/70.jpg,fake
train/71.jpg,fake
train/72.jpg,real
train/73.jpg,real
train/74.jpg,fake
train/75.jpg,fake
train/76.jpg,fake
train/77.jpg,real
train/78.jpg,fake
train/79.jpg,real
train/80.jpg,real
train/81.jpg,fake
train/82.jpg,real
train/83.jpg,real
train/84.jpg,fake
train/85.jpg,real
train/86.jpg,real
train/87.jpg,real
train/88.jpg,fake
train/89.jpg,fake
train/90.jpg,fake
train/91.jpg,fake
train/92.jpg,fake
train/93.jpg,real
train/94.jpg,fake
train/95.jpg,fake
train/96.jpg,fake
train/97.jpg,fake
train/98.jpg,fake
train/99.jpg,real
train/100.jpg,real
train/101.jpg,fake
train/102.jpg,fake
train/103.jpg,fake
train/104.jpg,fake
train/105.jpg,real
train/106.jpg,fake
train/107.jpg,fake
train/108.jpg,real
train/109.jpg,real
train/110.jpg,fake
train/111.jpg,fake
train/112.jpg,fake
train/113.jpg,fake
train/114.jpg,real
train/115.jpg,fake
train/116.jpg,fake
train/117.jpg,fake
train/118.jpg,real
train/119.jpg,fake
train/120.jpg,real
train/121.jpg,fake
train/122.jpg,real
train/123.jpg,fake
train/124.jpg,fake
train/125.jpg,fake
train/126.jpg,real
train/127.jpg,real
train/128.jpg,real
train/129.jpg,real
train/130.jpg,fake
train/131.jpg,fake
train/132.jpg,fake
train/133.jpg,real
train/134.jpg,fake
train/135.jpg,real
train/136.jpg,fake
train/137.jpg,fake
train/138.jpg,real
train/139.jpg,real
train/140.jpg,fake
train/141.jpg,real
train/142.jpg,real
train/143.jpg,real
train/144.jpg,fake
train/145.jpg,real
train/146.jpg,real
train/147.jpg,fake
train/148.jpg,real
train/149.jpg,real
train/150.jpg,fake
train/151.jpg,fake
train/152.jpg,fake
train/153.jpg,real
train/154.jpg,fake
train/155.jpg,fake
train/156.jpg,real
train/157.jpg,fake
train/158.jpg,real
train/159.jpg,real
train/160.jpg,fake
train/161.jpg,real
train/162.jpg,fake
train/163.jpg,fake
train/164.jpg,fake
train/165.jpg,fake
train/166.jpg,real
train/167.jpg,fake
train/168.jpg,real
train/169.jpg,real
train/170.jpg,real
train/171.jpg,fake
train/172.jpg,fake
train/173.jpg,real
train/174.jpg,fake
train/175.jpg,fake
train/176.jpg,fake
train/177.jpg,real
train/178.jpg,real
train/179.jpg,fake
train/180.jpg,fake
train/181.jpg,real
train/182.jpg,real
train/183.jpg,fake
train/184.jpg,fake
train/185.jpg,fake
train/186.jpg,real
train/187.jpg,real
train/188.jpg,real
train/189.jpg,real
train/190.jpg,real
train/191.jpg,real
train/192.jpg,real
train/193.jpg,real
train/194.jpg,real
train/195.jpg,real
train/196.jpg,fake
train/197.jpg,fake
train/198.jpg,fake
train/199.jpg,real
train/200.jpg,fake
train/201.jpg,real
train/202.jpg,fake
train/203.jpg,fake
train/204.jpg,fake
train/205.jpg,real
train/206.jpg,fake
train/207.jpg,real
train/208.jpg,real
train/209.jpg,fake
train/210.jpg,real
train/211.jpg,fake
train/212.jpg,real
train/213.jpg,fake
train/214.jpg,real
train/215.jpg,fake
train/216.jpg,fake
train/217.jpg,real
train/218.jpg,real
train/219.jpg,fake
train/220.jpg,real
train/221.jpg,real
train/222.jpg,fake
train/223.jpg,fake
train/224.jpg,fake
train/225.jpg,fake
train/226.jpg,real
train/227.jpg,fake
train/228.jpg,fake
train/229.jpg,fake
train/230.jpg,fake
train/231.jpg,real
train/232.jpg,fake
train/233.jpg,real
train/234.jpg,fake
train/235.jpg,real
train/236.jpg,real
train/237.jpg,fake
train/238.jpg,fake
train/239.jpg,fake
train/240.jpg,real
train/241.jpg,real
train/242.jpg,real
train/243.jpg,fake
train/244.jpg,real
train/245.jpg,real
train/246.jpg,real
train/247.jpg,fake
train/248.jpg,fake
train/249.jpg,real
train/250.jpg,real
train/251.jpg,real
train/252.jpg,fake
train/253.jpg,fake
train/254.jpg,fake
train/255.jpg,fake
train/256.jpg,real
train/257.jpg,fake
train/258.jpg,real
train/259.jpg,fake
train/260.jpg,real
train/261.jpg,fake
train/262.jpg,fake
train/263.jpg,real
train/264.jpg,fake
train/265.jpg,fake
train/266.jpg,real
train/267.jpg,fake
train/268.jpg,fake
train/269.jpg,fake
train/270.jpg,real
train/271.jpg,fake
train/272.jpg,fake
train/273.jpg,fake
train/274.jpg,real
train/275.jpg,fake
train/276.jpg,real
train/277.jpg,fake
train/278.jpg,fake
train/279.jpg,fake
train/280.jpg,fake
train/281.jpg,fake
train/282.jpg,fake
train/283.jpg,fake
train/284.jpg,real
train/285.jpg,fake
train/286.jpg,real
train/287.jpg,fake
train/288.jpg,fake
train/289.jpg,fake
train/290.jpg,fake
train/291.jpg,real
train/292.jpg,fake
train/293.jpg,fake
train/294.jpg,real
train/295.jpg,real
train/296.jpg,fake
train/297.jpg,real
train/298.jpg,real
train/299.jpg,fake
train/300.jpg,real
train/301.jpg,fake
train/302.jpg,real
train/303.jpg,real
train/304.jpg,real
train/305.jpg,fake
train/306.jpg,fake
train/307.jpg,real
train/308.jpg,fake
train/309.jpg,fake
train/310.jpg,real
train/311.jpg,fake
train/312.jpg,real
train/313.jpg,real
train/314.jpg,real
train/315.jpg,fake
train/316.jpg,fake
train/317.jpg,fake
train/318.jpg,fake
train/319.jpg,real
train/320.jpg,real
train/321.jpg,real
train/322.jpg,real
train/323.jpg,fake
train/324.jpg,fake
train/325.jpg,real
train/326.jpg,fake
train/327.jpg,real
train/328.jpg,fake
train/329.jpg,fake
train/330.jpg,fake
train/331.jpg,fake
train/332.jpg,real
train/333.jpg,real
train/334.jpg,real
train/335.jpg,fake
train/336.jpg,fake
train/337.jpg,fake
train/338.jpg,fake
train/339.jpg,real
train/340.jpg,real
train/341.jpg,real
train/342.jpg,fake
train/343.jpg,real
train/344.jpg,real
train/345.jpg,real
train/346.jpg,real
train/347.jpg,fake
train/348.jpg,real
train/349.jpg,fake
train/350.jpg,real
train/351.jpg,fake
train/352.jpg,real
train/353.jpg,fake
train/354.jpg,fake
train/355.jpg,real
train/356.jpg,fake
train/357.jpg,real
train/358.jpg,fake
train/359.jpg,real
train/360.jpg,real
train/361.jpg,fake
train/362.jpg,fake
train/363.jpg,fake
train/364.jpg,fake
train/365.jpg,real
train/366.jpg,fake
train/367.jpg,real
train/368.jpg,fake
train/369.jpg,real
train/370.jpg,fake
train/371.jpg,fake
train/372.jpg,real
train/373.jpg,real
train/374.jpg,real
train/375.jpg,fake
train/376.jpg,fake
train/377.jpg,real
train/378.jpg,fake
train/379.jpg,fake
train/380.jpg,fake
train/381.jpg,fake
train/382.jpg,real
train/383.jpg,fake
train/384.jpg,real
train/385.jpg,fake
train/386.jpg,real
train/387.jpg,fake
train/388.jpg,fake
train/389.jpg,fake
train/390.jpg,real
train/391.jpg,fake
train/392.jpg,fake
train/393.jpg,real
train/394.jpg,real
train/395.jpg,fake
train/396.jpg,fake
train/397.jpg,fake
train/398.jpg,real
train/399.jpg,real
train/400.jpg,fake
train/401.jpg,real
train/402.jpg,real
train/403.jpg,real
train/404.jpg,fake
train/405.jpg,real
train/406.jpg,fake
train/407.jpg,fake
train/408.jpg,real
train/409.jpg,real
train/410.jpg,real
train/411.jpg,real
train/412.jpg,fake
train/413.jpg,real
train/414.jpg,fake
train/415.jpg,real
train/416.jpg,real
train/417.jpg,fake
train/418.jpg,real
train/419.jpg,real
train/420.jpg,fake
train/421.jpg,fake
train/422.jpg,real
train/423.jpg,real
train/424.jpg,real
train/425.jpg,fake
train/426.jpg,fake
train/427.jpg,fake
train/428.jpg,real
train/429.jpg,real
train/430.jpg,fake
train/431.jpg,real
train/432.jpg,real
train/433.jpg,fake
train/434.jpg,real
train/435.jpg,fake
train/436.jpg,real
train/437.jpg,fake
train/438.jpg,real
train/439.jpg,real
train/440.jpg,fake
train/441.jpg,fake
train/442.jpg,real
train/443.jpg,fake
train/444.jpg,real
train/445.jpg,fake
train/446.jpg,fake
train/447.jpg,real
train/448.jpg,real
train/449.jpg,fake
train/450.jpg,real
train/451.jpg,fake
train/452.jpg,real
train/453.jpg,real
train/454.jpg,real
train/455.jpg,real
train/456.jpg,real
train/457.jpg,fake
train/458.jpg,fake
train/459.jpg,real
train/460.jpg,fake
train/461.jpg,fake
train/462.jpg,real
train/463.jpg,fake
train/464.jpg,fake
train/465.jpg,real
train/466.jpg,real
train/467.jpg,real
train/468.jpg,fake
train/469.jpg,fake
train/470.jpg,fake
train/471.jpg,fake
train/472.jpg,fake
train/473.jpg,fake
train/474.jpg,real
train/475.jpg,real
train/476.jpg,real
train/477.jpg,real
train/478.jpg,real
train/479.jpg,fake
train/480.jpg,fake
train/481.jpg,real
train/482.jpg,fake
train/483.jpg,fake
train/484.jpg,real
train/485.jpg,fake
train/486.jpg,real
train/487.jpg,fake
train/488.jpg,fake
train/489.jpg,real
train/490.jpg,fake
train/491.jpg,real
train/492.jpg,fake
train/493.jpg,real
train/494.jpg,fake
train/495.jpg,fake
train/496.jpg,real
train/497.jpg,fake
train/498.jpg,fake
train/499.jpg,fake
train/500.jpg,real
train/501.jpg,real
train/502.jpg,real
train/503.jpg,fake
train/504.jpg,real
train/505.jpg,fake
train/506.jpg,fake
train/507.jpg,fake
train/508.jpg,real
train/509.jpg,real
train/510.jpg,fake
train/511.jpg,real
train/512.jpg,fake
train/513.jpg,fake
train/514.jpg,fake
train/515.jpg,fake
train/516.jpg,real
train/517.jpg,real
train/518.jpg,fake
train/519.jpg,fake
train/520.jpg,real
train/521.jpg,real
train/522.jpg,real
train/523.jpg,real
train/524.jpg,real
train/525.jpg,real
train/526.jpg,real
train/527.jpg,real
train/528.jpg,fake
train/529.jpg,fake
train/530.jpg,real
train/531.jpg,real
train/532.jpg,fake
train/533.jpg,fake
train/534.jpg,fake
train/535.jpg,real
train/536.jpg,real
train/537.jpg,fake
train/538.jpg,real
train/539.jpg,real
train/540.jpg,fake
train/541.jpg,real
train/542.jpg,fake
train/543.jpg,real
train/544.jpg,fake
train/545.jpg,real
train/546.jpg,fake
train/547.jpg,fake
train/548.jpg,fake
train/549.jpg,real
train/550.jpg,real
train/551.jpg,fake
train/552.jpg,fake
train/553.jpg,real
train/554.jpg,real
train/555.jpg,real
train/556.jpg,real
train/557.jpg,real
train/558.jpg,real
train/559.jpg,fake
train/560.jpg,real
train/561.jpg,fake
train/562.jpg,real
train/563.jpg,fake
train/564.jpg,fake
train/565.jpg,fake
train/566.jpg,fake
train/567.jpg,fake
train/568.jpg,fake
train/569.jpg,real
train/570.jpg,real
train/571.jpg,real
train/572.jpg,real
train/573.jpg,fake
train/574.jpg,real
train/575.jpg,fake
train/576.jpg,real
train/577.jpg,fake
train/578.jpg,fake
train/579.jpg,fake
train/580.jpg,fake
train/581.jpg,fake
train/582.jpg,real
train/583.jpg,real
train/584.jpg,real
train/585.jpg,fake
train/586.jpg,fake
train/587.jpg,fake
train/588.jpg,real
train/589.jpg,real
train/590.jpg,real
train/591.jpg,real
train/592.jpg,fake
train/593.jpg,real
train/594.jpg,fake
train/595.jpg,real
train/596.jpg,real
train/597.jpg,fake
train/598.jpg,fake
train/599.jpg,fake
train/600.jpg,real
train/601.jpg,fake
train/602.jpg,fake
train/603.jpg,real
train/604.jpg,fake
train/605.jpg,fake
train/606.jpg,real
train/607.jpg,real
train/608.jpg,fake
train/609.jpg,fake
train/610.jpg,fake
train/611.jpg,fake
train/612.jpg,fake
train/613.jpg,fake
train/614.jpg,fake
train/615.jpg,real
train/616.jpg,fake
train/617.jpg,real
train/618.jpg,real
train/619.jpg,fake
train/620.jpg,real
train/621.jpg,real
train/622.jpg,fake
train/623.jpg,fake
train/624.jpg,fake
train/625.jpg,real
train/626.jpg,real
train/627.jpg,real
train/628.jpg,real
train/629.jpg,real
train/630.jpg,real
train/631.jpg,fake
train/632.jpg,real
train/633.jpg,real
train/634.jpg,fake
train/635.jpg,fake
train/636.jpg,fake
train/637.jpg,fake
train/638.jpg,real
train/639.jpg,fake
train/640.jpg,real
train/641.jpg,fake
train/642.jpg,real
train/643.jpg,fake
train/644.jpg,fake
train/645.jpg,real
train/646.jpg,fake
train/647.jpg,fake
train/648.jpg,fake
train/649.jpg,fake
train/650.jpg,fake
train/651.jpg,real
train/652.jpg,fake
train/653.jpg,real
train/654.jpg,real
train/655.jpg,fake
train/656.jpg,real
train/657.jpg,fake
train/658.jpg,fake
train/659.jpg,real
train/660.jpg,fake
train/661.jpg,real
train/662.jpg,fake
train/663.jpg,real
train/664.jpg,fake
train/665.jpg,fake
train/666.jpg,fake
train/667.jpg,real
train/668.jpg,real
train/669.jpg,fake
train/670.jpg,real
train/671.jpg,real
train/672.jpg,fake
train/673.jpg,real
train/674.jpg,real
train/675.jpg,fake
train/676.jpg,real
train/677.jpg,real
train/678.jpg,fake
train/679.jpg,fake
train/680.jpg,real
train/681.jpg,real
train/682.jpg,fake
train/683.jpg,real
train/684.jpg,fake
train/685.jpg,fake
train/686.jpg,fake
train/687.jpg,real
train/688.jpg,real
train/689.jpg,real
train/690.jpg,real
train/691.jpg,fake
train/692.jpg,real
train/693.jpg,real
train/694.jpg,real
train/695.jpg,fake
train/696.jpg,real
train/697.jpg,real
train/698.jpg,fake
train/699.jpg,fake
train/700.jpg,real
train/701.jpg,real
train/702.jpg,fake
train/703.jpg,real
train/704.jpg,fake
train/705.jpg,real
train/706.jpg,real
train/707.jpg,real
train/708.jpg,real
train/709.jpg,fake
train/710.jpg,real
train/711.jpg,real
train/712.jpg,fake
train/713.jpg,real
train/714.jpg,fake
train/715.jpg,real
train/716.jpg,real
train/717.jpg,fake
train/718.jpg,fake
train/719.jpg,real
train/720.jpg,real
train/721.jpg,fake
train/722.jpg,real
train/723.jpg,real
train/724.jpg,fake
train/725.jpg,fake
train/726.jpg,real
train/727.jpg,real
train/728.jpg,fake
train/729.jpg,real
train/730.jpg,fake
train/731.jpg,real
train/732.jpg,fake
train/733.jpg,real
train/734.jpg,fake
train/735.jpg,real
train/736.jpg,fake
train/737.jpg,real
train/738.jpg,fake
train/739.jpg,real
train/740.jpg,real
train/741.jpg,fake
train/742.jpg,fake
train/743.jpg,real
train/744.jpg,fake
train/745.jpg,real
train/746.jpg,real
train/747.jpg,real
train/748.jpg,real
train/749.jpg,real
train/750.jpg,real
train/751.jpg,real
train/752.jpg,fake
train/753.jpg,fake
train/754.jpg,fake
train/755.jpg,real
train/756.jpg,fake
train/757.jpg,real
train/758.jpg,fake
train/759.jpg,fake
train/760.jpg,fake
train/761.jpg,real
train/762.jpg,real
train/763.jpg,fake
train/764.jpg,fake
train/765.jpg,real
train/766.jpg,fake
train/767.jpg,fake
train/768.jpg,real
train/769.jpg,real
train/770.jpg,fake
train/771.jpg,fake
train/772.jpg,fake
train/773.jpg,fake
train/774.jpg,real
train/775.jpg,fake
train/776.jpg,fake
train/777.jpg,real
train/778.jpg,real
train/779.jpg,real
train/780.jpg,fake
train/781.jpg,fake
train/782.jpg,fake
train/783.jpg,real
train/784.jpg,fake
train/785.jpg,fake
train/786.jpg,fake
train/787.jpg,fake
train/788.jpg,real
train/789.jpg,real
train/790.jpg,real
train/791.jpg,fake
train/792.jpg,fake
train/793.jpg,real
train/794.jpg,fake
train/795.jpg,fake
train/796.jpg,real
train/797.jpg,real
train/798.jpg,fake
train/799.jpg,real
train/800.jpg,fake
